doc1_id,doc2_id,label,doc1_title,doc2_title
21,399,1,Nostalgia Electrics RHP-310 Motor Replacement,Hand-Held Blender Motor Replacement
64,188,1,Rival Mini Chopper MC-67BL Power Cord Replacement,Mr. Coffee BVMC-SJX33GT Power Cord Replacement
186,561,0,Mr. Coffee BVMC-SJX33GT Heating Plate Replacement,Insignia Ice Maker NS-IMP26SS7 Fan Replacement
247,398,0,De'Longhi EC155 Coffee PressReplacement,Princess Compact Blender Rubber Gasket Replacement
89,356,0,Professional Series PS77401 Chassis Replacement,Cuisinart DFP-14BCN Safety Switch Replacement
191,225,0,Capresso Perfectea 260 Lid Replacement,Motor and Cord Replacement
476,523,1,Ninja Mega Kitchen System BL770 Circuit Board Replacement,Vornado Duo Circuit Board Replacement
190,81,0,Comfort Zone CZ6C Power Cable Replacement,iRobot Roomba 551 Faceplate Replacement
233,41,0,ARC-914SBD Control Module Replacement,Dyson DC14 Brush Bar Replacement
43,164,1,Repairing Black and Decker BL3000S Power Cord,XQ-673H Power Cord Replacement
32,65,0,Breville BKC600XL On/Off Switch Replacement,Rival Mini Chopper MC-67BL Power Button Replacement
74,305,1,Mr. Coffee TF6 Power Cord Replacement,Hamilton Beach 64650 Power Cord Replacement
367,480,1,Shark Rotator NV502 Roller Brush Replacement,Shark NV352 Roller Brush Replacement
416,62,0,Braun M1000 gearbox Replacement,Rival Mini Chopper MC-67BL Turning Gears Replacement
194,433,1,Ninja NJ600 Circuit Board Replacement,Black and Decker TR1278B Circuit Board Replacement
222,595,0,Cuisinart Smart Stick CSB-75 Motor Replacement,Wolf Gourmet WGBL100S Blades Replacement
392,560,0,Hitachi HB-B102 Automatic Home Bakery  II Outer Casing Replacement,KitchenAid KSM150PSER Speed Control Plate Replacement
599,408,0,Keurig 2.0-400 Circuit Board Replacement,Hamilton Beach 70740 Power Cord Replacement
365,124,0,iRobot Roomba 770 Side Brush Motor Replacement,Swiffer SweeperVac Battery Replacement
154,603,1,Magic Bullet NutriBullet Power Cord Replacement,Wolf Gourmet WGBL100S Power Cord Replacement
229,210,0,Disassembling Chef's Choice M115 Case,Presto PopLite 04820 Motor Replacement
256,414,0,Black and Decker TO1303SB Heat Controls Replacement,Neato Botvac 80 Laser Replacement
315,381,0,AmazonBasics B00Q3KFX8U Power Switch Replacement,Tristar Handmixer Gears Replacement
512,541,1,Ninja Professional Blender BL660 Power Cord Replacement,Oster BLSTSS-PZO  Power Cord Replacement
64,546,1,Rival Mini Chopper MC-67BL Power Cord Replacement,Eureka EasyClean 71C Power Cord Replacement
338,525,0,Holmes Blizzard Fan Oscillation Button Replacement,Ninja Coffee Bar CF080 Power Module Replacement
123,250,1,Black and Decker 3-Cup Rice Cooker Power Cord Replacement,De'Longhi EC155 Power Cord Replacement
567,586,0,KitchenAid KSM150PSER Power Cord Replacement,Shark Professional Steam Pocket Mop  Open Mop Body Replacement
170,547,1,Hamilton Beach 25460Z LED Replacement,Ninja Professional BL610 LED Replacement
329,492,1,Keurig B60 Power Cord Replacement,Ninja Coffee Bar CF086 Power Cord Replacement
43,590,1,Repairing Black and Decker BL3000S Power Cord,Cuisinart CHW-12 Power Cord Replacement
429,346,0,iRobot Braava 320 Deck Plate Assembly  Replacement,Jura Wassertankdichtung - Water Tank Sealing Replacement
231,355,1,Hamilton Beach 51101BA Power Cord Replacement,Cuisinart DFP-14BCN Power Cord Replacement
349,233,0,Oster 3905 Retractable Cord Replacement,ARC-914SBD Control Module Replacement
147,243,1,Krups F203 Coffee Grinder Motor Replacement,Hamilton Beach 51101BA Motor Replacement
302,313,1,Hamilton Beach 64650 Motor Replacement,AmazonBasics B00Q3KFX8U Motor Replacement
290,573,0,KitchenAid KHM512ER Eject Button Spring Replacement,Kenmore 80 Series Upper Agitator Not Spinning
376,405,0,Oster 3905 Lever Spring Replacement,Neato XV Signature Motor Assembly Replacement
23,489,0,Kenmore 110 Series Washing Machine Water Level Sensor Replacement,Ninja Mega Kitchen System BL770 Circuit Base Replacement
305,512,1,Hamilton Beach 64650 Power Cord Replacement,Ninja Professional Blender BL660 Power Cord Replacement
394,545,1,Hitachi HB-B102 Automatic Home Bakery  II Motor Replacement,Eureka EasyClean 71C Motor Replacement
379,459,0,Fellowes T7CM  Main Power Cord Replacement,Wexford CT-166TF Air Filter Casing Replacement
176,532,0,Kenmore 400 Washer clutch band Replacement,Cuisinart Mini-Prep DLC-2A Button Replacement
307,41,0,Nutri Ninja BL450 Small Rubber Wheel Replacement,Dyson DC14 Brush Bar Replacement
200,305,1,Cuisinart DLC-10S Pro Classic 7-Cup Food Processor Power Cord Replacement,Hamilton Beach 64650 Power Cord Replacement
399,545,1,Hand-Held Blender Motor Replacement,Eureka EasyClean 71C Motor Replacement
414,513,0,Neato Botvac 80 Laser Replacement,Ninja Professional Blender BL660 Blender Base Replacement
433,476,1,Black and Decker TR1278B Circuit Board Replacement,Ninja Mega Kitchen System BL770 Circuit Board Replacement
243,313,1,Hamilton Beach 51101BA Motor Replacement,AmazonBasics B00Q3KFX8U Motor Replacement
170,592,0,Hamilton Beach 25460Z LED Replacement,Neato Botvac D8000 Battery Replacement
230,286,0,American Weigh AWS -100 Sensor Replacement,iDevices iGrill Probe Replacement
487,545,1,Eureka SuctionSeal 2.0 Pet Motor Replacement,Eureka EasyClean 71C Motor Replacement
188,355,1,Mr. Coffee BVMC-SJX33GT Power Cord Replacement,Cuisinart DFP-14BCN Power Cord Replacement
305,51,0,Hamilton Beach 64650 Power Cord Replacement,Removing the Tower Fan Rotating Blade and Transformer
250,546,1,De'Longhi EC155 Power Cord Replacement,Eureka EasyClean 71C Power Cord Replacement
169,88,0,Hamilton Beach 25460Z Top Heating Element Solders Replacement,Professional Series PS77401 Shell Removal
154,470,1,Magic Bullet NutriBullet Power Cord Replacement,Ninja Mega Kitchen System BL770 Power Cord Replacement
333,358,0,KitchenAid Professional 600 Bevel Gear Replacement,Keurig K70 Limit Switch Replacement
395,585,1,Hitachi HB-B102 Automatic Home Bakery  II Control Panel Replacement,Shark Professional Steam Pocket Mop Control Panel Replacement
226,288,1,ARC-914SBD Power Cord Replacement,KitchenAid KHM512ER Power Cord Replacement
103,433,1,Oster 16-Speed Blender Circuit Board Replacement,Black and Decker TR1278B Circuit Board Replacement
35,430,0,Breville BKC600XL Spring Replacement,iRobot Braava 320 Deck Plate Arms Replacement
424,124,0,iRobot Braava 320 Wheel Replacement,Swiffer SweeperVac Battery Replacement
154,200,1,Magic Bullet NutriBullet Power Cord Replacement,Cuisinart DLC-10S Pro Classic 7-Cup Food Processor Power Cord Replacement
74,102,1,Mr. Coffee TF6 Power Cord Replacement,Oster 16-Speed Blender Power Cord Replacement
123,541,1,Black and Decker 3-Cup Rice Cooker Power Cord Replacement,Oster BLSTSS-PZO  Power Cord Replacement
462,278,0,Caribou Coffee CC-EKV8SS7 Safety Shutoff Mechanism Replacement,ArmorAll AA255 Power Cord Replacement
154,408,1,Magic Bullet NutriBullet Power Cord Replacement,Hamilton Beach 70740 Power Cord Replacement
239,464,0,Magic Bullet MB1001B Power Cord Replacement,Shark Pet Perfect II Front Belt Replacement
167,213,0,iRobot Roomba 650 Bumper Sensor IR Transmitter Replacement,Ceiling Fan Light  Fixture Replacement
328,581,0,FoodSaver V4980 Bottom Panel Replacement,Shark Professional Steam Pocket Mop Steam Nozzle Replacement
74,603,1,Mr. Coffee TF6 Power Cord Replacement,Wolf Gourmet WGBL100S Power Cord Replacement
199,548,1,Ninja NJ600 Button Replacement,Ninja Professional BL610 Button Replacement
200,241,0,Cuisinart DLC-10S Pro Classic 7-Cup Food Processor Power Cord Replacement,"iRobot Roomba 560 ""Clean"" Button Replacement"
188,226,1,Mr. Coffee BVMC-SJX33GT Power Cord Replacement,ARC-914SBD Power Cord Replacement
162,25,0,iRobot Roomba 655 Pet Series Cliff Sensors Replacement,Kenmore 110 Series Washing Machine Water Pump Replacement
64,355,1,Rival Mini Chopper MC-67BL Power Cord Replacement,Cuisinart DFP-14BCN Power Cord Replacement
261,386,1,Dyson DC58 Cyclone Replacement,Dyson v6 Absolute Cyclone Replacement
195,470,1,Ninja NJ600 Power Cord Replacement,Ninja Mega Kitchen System BL770 Power Cord Replacement
344,457,0,Video Guide: Rancilio Silvia Grouphead Screen & Gasket Replacment,iRobot Roomba 880 Bumper Sensors Replacement
83,71,0,Replacing Oster 6329 Bread Lift Shelf,Oster 6329 Power Cord Replacement
594,456,0,Cuisinart CHW-12 Heating Coil Replacement,Wexford CT-166TF Plastic Casing  Replacement
244,86,0,Chef's Choice M115 Power Switch Replacement,Oster 6329 Lever Catch Spring Replacement
87,470,1,Professional Series PS77401 Power Cord Replacement,Ninja Mega Kitchen System BL770 Power Cord Replacement
63,302,1,Rival Mini Chopper MC-67BL Motor Replacement,Hamilton Beach 64650 Motor Replacement
487,501,1,Eureka SuctionSeal 2.0 Pet Motor Replacement,Shark Navigator Lightweight Upright Motor Replacement
275,169,0,iDevices iGrill Speaker Replacement,Hamilton Beach 25460Z Top Heating Element Solders Replacement
255,364,0,Hamilton Beach 70740 Motor Replacement,iRobot Roomba 770 Main Wheels Replacement
21,313,1,Nostalgia Electrics RHP-310 Motor Replacement,AmazonBasics B00Q3KFX8U Motor Replacement
512,546,1,Ninja Professional Blender BL660 Power Cord Replacement,Eureka EasyClean 71C Power Cord Replacement
231,408,1,Hamilton Beach 51101BA Power Cord Replacement,Hamilton Beach 70740 Power Cord Replacement
604,256,0,Wolf Gourmet WGTR102S Heat Dial Replacement,Black and Decker TO1303SB Heat Controls Replacement
109,279,0,Disassembling Black and Decker 3-Cup Rice Cooker Outside Panel and Wire Junctions,ArmorAll AA255 Lower Motor Housing Replacement
243,576,1,Hamilton Beach 51101BA Motor Replacement,Insignia NS-VCS14SL7 Motor Replacement
273,290,0,Ninja Kitchen System Pulse Fan Replacement,KitchenAid KHM512ER Eject Button Spring Replacement
64,195,1,Rival Mini Chopper MC-67BL Power Cord Replacement,Ninja NJ600 Power Cord Replacement
355,492,1,Cuisinart DFP-14BCN Power Cord Replacement,Ninja Coffee Bar CF086 Power Cord Replacement
482,510,1,Shark NV352 Motherboard Replacement,Shark Navigator Lift-Away Deluxe NV360 Motherboard Replacement
131,558,1,KitchenAid Classic Mixer K45SSWH Circuit Board Replacement,KitchenAid KSM150PSER Circuit Board Replacement
305,470,1,Hamilton Beach 64650 Power Cord Replacement,Ninja Mega Kitchen System BL770 Power Cord Replacement
444,90,0,iRobot Roomba 870 Side Brush Motor Replacement,Mr. Coffee DW13 Heating Plate Replacement
274,388,0,Ninja Kitchen System Pulse Power Cord Replacement,Dyson Ball Multi Floor Upright Wheels Replacement
336,203,0,1922 GE AOU Fan Power cord Replacement,Petra KM 31 17 Capacitor Replacement
231,546,1,Hamilton Beach 51101BA Power Cord Replacement,Eureka EasyClean 71C Power Cord Replacement
74,200,1,Mr. Coffee TF6 Power Cord Replacement,Cuisinart DLC-10S Pro Classic 7-Cup Food Processor Power Cord Replacement
154,305,1,Magic Bullet NutriBullet Power Cord Replacement,Hamilton Beach 64650 Power Cord Replacement
74,318,1,Mr. Coffee TF6 Power Cord Replacement,Hamilton Beach 49980A Power Cord Replacement
241,531,0,"iRobot Roomba 560 ""Clean"" Button Replacement",Black and Decker Dustbuster CHV1410 Power Switch Replacement
74,329,1,Mr. Coffee TF6 Power Cord Replacement,Keurig B60 Power Cord Replacement
544,559,0,Eureka EasyClean 71C Belt Replacement,Hoover T-Series WindTunnel Pet UH70102 Brush Roll Replacement
141,407,0,Honeywell HY-204 Febreze Dial Replacement,Hamilton Beach 70740 Base Replacement
228,590,0,ARC-914SBD Heating Element/ Thermostat Replacement,Cuisinart CHW-12 Power Cord Replacement
328,66,0,FoodSaver V4980 Bottom Panel Replacement,Rival Mini Chopper MC-67BL Safety Latch Replacement
139,498,0,Honeywell HY-204 Control Panel Replacement,Dyson DC56 Motor Replacement
168,435,0,Hamilton Beach 25460Z Handle Replacement,RYDIS H68 Pro Side Brush Motor Replacement
21,243,1,Nostalgia Electrics RHP-310 Motor Replacement,Hamilton Beach 51101BA Motor Replacement
243,302,1,Hamilton Beach 51101BA Motor Replacement,Hamilton Beach 64650 Motor Replacement
87,154,1,Professional Series PS77401 Power Cord Replacement,Magic Bullet NutriBullet Power Cord Replacement
434,510,1,Rydis H68 Pro Motherboard Replacement,Shark Navigator Lift-Away Deluxe NV360 Motherboard Replacement
164,485,1,XQ-673H Power Cord Replacement,Nutri Ninja Ninja Blender Duo BL641 Power Cord Replacement
154,231,1,Magic Bullet NutriBullet Power Cord Replacement,Hamilton Beach 51101BA Power Cord Replacement
64,305,1,Rival Mini Chopper MC-67BL Power Cord Replacement,Hamilton Beach 64650 Power Cord Replacement
181,403,1,Shark Navigator Motherboard Replacement,Neato Botvac D75 Motherboard Replacement
133,384,0,Krups 963 Water Heater Replacement,Dyson DC28 Animal Air Muscle Assembly Replacement
102,590,1,Oster 16-Speed Blender Power Cord Replacement,Cuisinart CHW-12 Power Cord Replacement
72,282,1,Keurig Mini B-31 Handle Replacement,Keurig K10 MINI PLUS Handle Replacement
103,558,1,Oster 16-Speed Blender Circuit Board Replacement,KitchenAid KSM150PSER Circuit Board Replacement
195,512,1,Ninja NJ600 Power Cord Replacement,Ninja Professional Blender BL660 Power Cord Replacement
87,195,1,Professional Series PS77401 Power Cord Replacement,Ninja NJ600 Power Cord Replacement
327,95,0,Cuisinart Griddler GR-4N Handle Replacement,iRobot Roomba 551 Brushes Replacement
63,313,1,Rival Mini Chopper MC-67BL Motor Replacement,AmazonBasics B00Q3KFX8U Motor Replacement
329,355,1,Keurig B60 Power Cord Replacement,Cuisinart DFP-14BCN Power Cord Replacement
370,481,1,Shark Rotator NV502 Roller Brush Motor Replacement,Shark NV352 Roller Brush Motor Replacement
195,453,0,Ninja NJ600 Power Cord Replacement,Dyson Ball Animal Power Button Replacement
157,361,0,iRobot Roomba 655 Pet Series front caster wheel replacement or maintenance,Rival CM4015 Power Button Replacement
233,399,0,ARC-914SBD Control Module Replacement,Hand-Held Blender Motor Replacement
272,50,0,Shop-Vac MC150A Filter Cage Replacement,Speed Queen AES17AWF Heating Element and Belt Replacement
591,282,0,Neato Botvac D8000 Wheel Replacement,Keurig K10 MINI PLUS Handle Replacement
470,546,1,Ninja Mega Kitchen System BL770 Power Cord Replacement,Eureka EasyClean 71C Power Cord Replacement
318,590,1,Hamilton Beach 49980A Power Cord Replacement,Cuisinart CHW-12 Power Cord Replacement
572,453,0,Cuisinart DCC-1200 Coffee Carafe Handle Replacement,Dyson Ball Animal Power Button Replacement
288,546,1,KitchenAid KHM512ER Power Cord Replacement,Eureka EasyClean 71C Power Cord Replacement
278,546,1,ArmorAll AA255 Power Cord Replacement,Eureka EasyClean 71C Power Cord Replacement
87,102,1,Professional Series PS77401 Power Cord Replacement,Oster 16-Speed Blender Power Cord Replacement
43,512,1,Repairing Black and Decker BL3000S Power Cord,Ninja Professional Blender BL660 Power Cord Replacement
336,70,0,1922 GE AOU Fan Power cord Replacement,Estate Mo No TEDS840PQ0 Dryer Heating Element Replacement
195,408,1,Ninja NJ600 Power Cord Replacement,Hamilton Beach 70740 Power Cord Replacement
103,131,1,Oster 16-Speed Blender Circuit Board Replacement,KitchenAid Classic Mixer K45SSWH Circuit Board Replacement
576,93,0,Insignia NS-VCS14SL7 Motor Replacement,Professional Series PS77401 Toaster Solenoid Replacement
21,302,1,Nostalgia Electrics RHP-310 Motor Replacement,Hamilton Beach 64650 Motor Replacement
501,545,1,Shark Navigator Lightweight Upright Motor Replacement,Eureka EasyClean 71C Motor Replacement
345,265,0,Jura Mahlsteine - Grindstone Replacement,Frigidaire FFPE45B2QM Refrigerator Door Replacement
21,545,1,Nostalgia Electrics RHP-310 Motor Replacement,Eureka EasyClean 71C Motor Replacement
572,340,0,Cuisinart DCC-1200 Coffee Carafe Handle Replacement,Solis 537 Blender  Repair
102,512,1,Oster 16-Speed Blender Power Cord Replacement,Ninja Professional Blender BL660 Power Cord Replacement
196,471,1,Ninja NJ600 LED Light Replacement,Ninja Mega Kitchen System BL770 LED Light Replacement
129,402,0,KitchenAid Classic Mixer K45SSWH Worm Gear Replacement,Neato Botvac D75 LCD Screen Replacement
102,195,1,Oster 16-Speed Blender Power Cord Replacement,Ninja NJ600 Power Cord Replacement
43,102,1,Repairing Black and Decker BL3000S Power Cord,Oster 16-Speed Blender Power Cord Replacement
283,429,0,Shop-Vac MC150A Power Switch Replacement,iRobot Braava 320 Deck Plate Assembly  Replacement
190,344,0,Comfort Zone CZ6C Power Cable Replacement,Video Guide: Rancilio Silvia Grouphead Screen & Gasket Replacment
503,534,1,Shark Navigator Lightweight Upright Motherboard Replacement,iRobot Roomba 980 Motherboard Replacement
577,293,0,Insignia NS-VCS14SL7 Power Button Replacement,Hamilton Beach 48464 Heating Plate Replacement
298,572,0,Tatung TAC-6G Light Element Replacement,Cuisinart DCC-1200 Coffee Carafe Handle Replacement
243,545,1,Hamilton Beach 51101BA Motor Replacement,Eureka EasyClean 71C Motor Replacement
111,150,0,Waring Pro SB30 Hot Plate Replacement,Braun Aromaster KF440 Heating Element Replacemen
235,176,0,Hamilton Beach 51101BA Rotor Replacement,Kenmore 400 Washer clutch band Replacement
21,402,0,Nostalgia Electrics RHP-310 Motor Replacement,Neato Botvac D75 LCD Screen Replacement
194,476,1,Ninja NJ600 Circuit Board Replacement,Ninja Mega Kitchen System BL770 Circuit Board Replacement
90,182,0,Mr. Coffee DW13 Heating Plate Replacement,Shark Navigator Roller Brush Replacement
482,503,1,Shark NV352 Motherboard Replacement,Shark Navigator Lightweight Upright Motherboard Replacement
274,240,0,Ninja Kitchen System Pulse Power Cord Replacement,Magic Bullet MB1001B Casing Replacement
177,82,0,Sunbeam Snow Cone Maker Motor Replacement,Oster 6329 Circuit Board Resistor Replacement
26,373,0,Kenmore 110 Series Washing Machine Drive Belt Replacement,Oster 3905 Heat Coil Replacement
518,332,0,Ninja Professional Blender BL660 LED Lights  Replacement,Keurig B60 Puncture Needle Replacement
296,484,0,Hamilton Beach 48464 Tubing Replacement,Nutri Ninja Ninja Blender Duo BL641 Fan Replacement
495,380,0,Ninja Coffee Bar CF086 Water Heating Element Replacement,Fellowes T7CM Trigger Sensor Replacement
154,195,1,Magic Bullet NutriBullet Power Cord Replacement,Ninja NJ600 Power Cord Replacement
479,238,0,Nutri Ninja Ninja Blender Duo BL641 Suction Cups Replacement,Magic Bullet MB1001B Activator Replacement
324,66,0,DeLonghi ESAM  xxxx Solenoid Replacement,Rival Mini Chopper MC-67BL Safety Latch Replacement
103,523,1,Oster 16-Speed Blender Circuit Board Replacement,Vornado Duo Circuit Board Replacement
381,154,0,Tristar Handmixer Gears Replacement,Magic Bullet NutriBullet Power Cord Replacement
154,355,1,Magic Bullet NutriBullet Power Cord Replacement,Cuisinart DFP-14BCN Power Cord Replacement
169,549,0,Hamilton Beach 25460Z Top Heating Element Solders Replacement,Shark Steam Pocket Mop Water Tank / Bladder Replacement
426,390,0,Mr. Coffee DRX5 Warming Plate Replacement,Dyson Cinetic Animal Ball Motor Replacement
516,577,0,Ninja Professional Blender BL660 Fan Replacement,Insignia NS-VCS14SL7 Power Button Replacement
280,406,1,ArmorAll AA255 Motor Replacement,Hamilton Beach 70740 Motor Replacement
239,541,1,Magic Bullet MB1001B Power Cord Replacement,Oster BLSTSS-PZO  Power Cord Replacement
313,43,0,AmazonBasics B00Q3KFX8U Motor Replacement,Repairing Black and Decker BL3000S Power Cord
74,512,1,Mr. Coffee TF6 Power Cord Replacement,Ninja Professional Blender BL660 Power Cord Replacement
226,305,1,ARC-914SBD Power Cord Replacement,Hamilton Beach 64650 Power Cord Replacement
556,355,0,Shark Navigator Freestyle SV1106 Roller Belt Replacement,Cuisinart DFP-14BCN Power Cord Replacement
102,318,1,Oster 16-Speed Blender Power Cord Replacement,Hamilton Beach 49980A Power Cord Replacement
157,317,0,iRobot Roomba 655 Pet Series front caster wheel replacement or maintenance,Hamilton Beach 70730 Motor Replacement
302,551,0,Hamilton Beach 64650 Motor Replacement,Shark Steam Pocket Mop Steam Head Hose Replacement
102,546,1,Oster 16-Speed Blender Power Cord Replacement,Eureka EasyClean 71C Power Cord Replacement
298,446,0,Tatung TAC-6G Light Element Replacement,Waring 51BL29 Drive Coupling Replacement
518,487,0,Ninja Professional Blender BL660 LED Lights  Replacement,Eureka SuctionSeal 2.0 Pet Motor Replacement
606,292,0,Wolf Gourmet WGTR102S Slide Assist Plunger Replacement,Hamilton Beach 48464 Base Replacement
181,149,0,Shark Navigator Motherboard Replacement,Honeywell HY-204 Rotation Motor Replacement
397,380,0,Shark Cordless Pet Perfect Front Motor  Replacement,Fellowes T7CM Trigger Sensor Replacement
472,548,1,Ninja Mega Kitchen System BL770 Button Replacement,Ninja Professional BL610 Button Replacement
569,77,0,Fast Fix Kenmore Model 100 Clutch Replacement,Disassembling iRobot Roomba 551 Bumper
102,200,1,Oster 16-Speed Blender Power Cord Replacement,Cuisinart DLC-10S Pro Classic 7-Cup Food Processor Power Cord Replacement
541,275,0,Oster BLSTSS-PZO  Power Cord Replacement,iDevices iGrill Speaker Replacement
255,317,1,Hamilton Beach 70740 Motor Replacement,Hamilton Beach 70730 Motor Replacement
64,470,1,Rival Mini Chopper MC-67BL Power Cord Replacement,Ninja Mega Kitchen System BL770 Power Cord Replacement
320,545,0,Hamilton Beach 49980A Motherboard Replacement,Eureka EasyClean 71C Motor Replacement
103,194,1,Oster 16-Speed Blender Circuit Board Replacement,Ninja NJ600 Circuit Board Replacement
416,294,0,Braun M1000 gearbox Replacement,Keurig K40 Open/Close Sensor Replacement
90,186,1,Mr. Coffee DW13 Heating Plate Replacement,Mr. Coffee BVMC-SJX33GT Heating Plate Replacement
64,154,1,Rival Mini Chopper MC-67BL Power Cord Replacement,Magic Bullet NutriBullet Power Cord Replacement
260,473,0,Chef's Choice M115 Motor Assembly Replacement,Shark Rocket HV381 LED Replacement
123,512,1,Black and Decker 3-Cup Rice Cooker Power Cord Replacement,Ninja Professional Blender BL660 Power Cord Replacement
250,84,0,De'Longhi EC155 Power Cord Replacement,iRobot Roomba 551 Side Brush Motor Replacement
412,575,1,Shark Cordless Pet Perfect Battery Replacement,Insignia NS-VCS14SL7 Battery Replacement
123,164,1,Black and Decker 3-Cup Rice Cooker Power Cord Replacement,XQ-673H Power Cord Replacement
503,510,1,Shark Navigator Lightweight Upright Motherboard Replacement,Shark Navigator Lift-Away Deluxe NV360 Motherboard Replacement
436,81,0,RYDIS H68 Pro Wheel  Replacement,iRobot Roomba 551 Faceplate Replacement
200,231,1,Cuisinart DLC-10S Pro Classic 7-Cup Food Processor Power Cord Replacement,Hamilton Beach 51101BA Power Cord Replacement
21,304,0,Nostalgia Electrics RHP-310 Motor Replacement,Hamilton Beach 64650 Quick Burst Button Replacement
154,546,1,Magic Bullet NutriBullet Power Cord Replacement,Eureka EasyClean 71C Power Cord Replacement
199,472,1,Ninja NJ600 Button Replacement,Ninja Mega Kitchen System BL770 Button Replacement
342,15,0,Video Guide Rancilio Silvia Grouphead Screen And Gasket Replacement Grouphead Gasket & Screen Replacement,Black and Decker Toast R Oven Door Replacement
128,188,1,Krups 963 Power Cord Replacement,Mr. Coffee BVMC-SJX33GT Power Cord Replacement
266,394,0,Frigidaire FFPE45B2QM Broken Hinge Replacement,Hitachi HB-B102 Automatic Home Bakery  II Motor Replacement
243,399,1,Hamilton Beach 51101BA Motor Replacement,Hand-Held Blender Motor Replacement
147,399,1,Krups F203 Coffee Grinder Motor Replacement,Hand-Held Blender Motor Replacement
376,593,0,Oster 3905 Lever Spring Replacement,Neato Botvac D8000 Top Face Panel Replacement
193,602,0,Capresso Perfectea 260 Heating Dome Replacement,Wolf Gourmet WGBL100S Control Board Replacement
554,186,0,Shark Rocket Powerhead AH401 Motor Replacement,Mr. Coffee BVMC-SJX33GT Heating Plate Replacement
133,276,0,Krups 963 Water Heater Replacement,Keurig K40 Handle Replacement
141,540,0,Honeywell HY-204 Febreze Dial Replacement,Eureka EasyClean 71C Casing Replacement
74,154,1,Mr. Coffee TF6 Power Cord Replacement,Magic Bullet NutriBullet Power Cord Replacement
188,305,1,Mr. Coffee BVMC-SJX33GT Power Cord Replacement,Hamilton Beach 64650 Power Cord Replacement
146,541,0,Braun Aromaster KF440 Base Replacement,Oster BLSTSS-PZO  Power Cord Replacement
351,247,0,iRobot Roomba 770 Battery Replacement,De'Longhi EC155 Coffee PressReplacement
480,248,0,Shark NV352 Roller Brush Replacement,De'Longhi EC155 Water Valve Replacement
381,230,0,Tristar Handmixer Gears Replacement,American Weigh AWS -100 Sensor Replacement
503,216,0,Shark Navigator Lightweight Upright Motherboard Replacement,Hamilton Beach 51101BA Power Button Replacement
350,258,0,Cuisinart DFP-14BCN Capacitor Replacement,Chef's Choice M115 Sharpening Stones Replacement
344,494,0,Video Guide: Rancilio Silvia Grouphead Screen & Gasket Replacment,Ninja Ultima BL810 Handle Replacement
397,64,0,Shark Cordless Pet Perfect Front Motor  Replacement,Rival Mini Chopper MC-67BL Power Cord Replacement
87,305,1,Professional Series PS77401 Power Cord Replacement,Hamilton Beach 64650 Power Cord Replacement
14,135,0,Quasar Microwave Capacitor Replacement,Krups 963 Gasket Replacement
226,250,1,ARC-914SBD Power Cord Replacement,De'Longhi EC155 Power Cord Replacement
351,355,0,iRobot Roomba 770 Battery Replacement,Cuisinart DFP-14BCN Power Cord Replacement
467,324,0,Caribou Coffee CC-EKV8SS7 Power Cord Replacement,DeLonghi ESAM  xxxx Solenoid Replacement
527,475,0,Oster BLSTSS-PZO Circuitboard  Replacement,Ninja Mega Kitchen System BL770 Cooling Fan Replacement
164,185,0,XQ-673H Power Cord Replacement,Mr. Coffee BVMC-SJX33GT Valve Replacement
123,485,1,Black and Decker 3-Cup Rice Cooker Power Cord Replacement,Nutri Ninja Ninja Blender Duo BL641 Power Cord Replacement
366,155,0,Magic Bullet NutriBullet Pro Activator Replacement,iRobot Roomba 650 Side Brush Motor Replacement
198,498,0,Capresso PerfecTea 260 Dial Replacement,Dyson DC56 Motor Replacement
237,288,1,Chef's Choice M115 Power Cord Replacement,KitchenAid KHM512ER Power Cord Replacement
250,278,1,De'Longhi EC155 Power Cord Replacement,ArmorAll AA255 Power Cord Replacement
102,408,1,Oster 16-Speed Blender Power Cord Replacement,Hamilton Beach 70740 Power Cord Replacement
414,560,0,Neato Botvac 80 Laser Replacement,KitchenAid KSM150PSER Speed Control Plate Replacement
446,29,0,Waring 51BL29 Drive Coupling Replacement,Cleaning the Fan Blades
207,84,0,Austausch der Dichtungen im  Dampf-/Hei√üwasserventil,iRobot Roomba 551 Side Brush Motor Replacement
512,590,1,Ninja Professional Blender BL660 Power Cord Replacement,Cuisinart CHW-12 Power Cord Replacement
381,150,0,Tristar Handmixer Gears Replacement,Braun Aromaster KF440 Heating Element Replacemen
103,476,1,Oster 16-Speed Blender Circuit Board Replacement,Ninja Mega Kitchen System BL770 Circuit Board Replacement
65,447,0,Rival Mini Chopper MC-67BL Power Button Replacement,Waring 51BL29 Motor Replacement
250,512,1,De'Longhi EC155 Power Cord Replacement,Ninja Professional Blender BL660 Power Cord Replacement
229,332,0,Disassembling Chef's Choice M115 Case,Keurig B60 Puncture Needle Replacement
527,93,0,Oster BLSTSS-PZO Circuitboard  Replacement,Professional Series PS77401 Toaster Solenoid Replacement
557,547,0,Shark Rocket Professional Hose Replacement,Ninja Professional BL610 LED Replacement
64,408,1,Rival Mini Chopper MC-67BL Power Cord Replacement,Hamilton Beach 70740 Power Cord Replacement
417,144,0,Ecovacs DEEBOT D35 Battery Replacement,Braun Aromaster KF440 one-way valve Replacement
384,80,0,Dyson DC28 Animal Air Muscle Assembly Replacement,Disassembling iRobot Roomba 551 Bottom Plate
188,250,1,Mr. Coffee BVMC-SJX33GT Power Cord Replacement,De'Longhi EC155 Power Cord Replacement
279,321,0,ArmorAll AA255 Lower Motor Housing Replacement,Hamilton Beach 49980A Main Housing Replacement
176,78,0,Kenmore 400 Washer clutch band Replacement,iRobot Roomba 551  Battery Replacement
503,222,0,Shark Navigator Lightweight Upright Motherboard Replacement,Cuisinart Smart Stick CSB-75 Motor Replacement
240,41,0,Magic Bullet MB1001B Casing Replacement,Dyson DC14 Brush Bar Replacement
250,288,1,De'Longhi EC155 Power Cord Replacement,KitchenAid KHM512ER Power Cord Replacement
63,399,1,Rival Mini Chopper MC-67BL Motor Replacement,Hand-Held Blender Motor Replacement
448,455,0,Waring 51BL29 Power Cord Replacement,Samsung POWERbot VR9000 Right Driving Wheel Replacement
64,231,1,Rival Mini Chopper MC-67BL Power Cord Replacement,Hamilton Beach 51101BA Power Cord Replacement
157,133,0,iRobot Roomba 655 Pet Series front caster wheel replacement or maintenance,Krups 963 Water Heater Replacement
417,463,1,Ecovacs DEEBOT D35 Battery Replacement,Shark Pet Perfect II Battery Replacement
288,305,1,KitchenAid KHM512ER Power Cord Replacement,Hamilton Beach 64650 Power Cord Replacement
123,452,0,Black and Decker 3-Cup Rice Cooker Power Cord Replacement,iRobot Roomba 870 Main Wheel Replacement
313,545,1,AmazonBasics B00Q3KFX8U Motor Replacement,Eureka EasyClean 71C Motor Replacement
305,603,1,Hamilton Beach 64650 Power Cord Replacement,Wolf Gourmet WGBL100S Power Cord Replacement
197,482,1,Capresso Perfectea 260 Motherboard Replacement,Shark NV352 Motherboard Replacement
231,305,1,Hamilton Beach 51101BA Power Cord Replacement,Hamilton Beach 64650 Power Cord Replacement
203,356,0,Petra KM 31 17 Capacitor Replacement,Cuisinart DFP-14BCN Safety Switch Replacement
188,288,1,Mr. Coffee BVMC-SJX33GT Power Cord Replacement,KitchenAid KHM512ER Power Cord Replacement
64,87,1,Rival Mini Chopper MC-67BL Power Cord Replacement,Professional Series PS77401 Power Cord Replacement
219,19,0,Honeywell HY-254-TGT Front Panel Replacement,Nostalgia Electrics RHP-310 Replacing Housing Replacement
250,305,1,De'Longhi EC155 Power Cord Replacement,Hamilton Beach 64650 Power Cord Replacement
305,355,1,Hamilton Beach 64650 Power Cord Replacement,Cuisinart DFP-14BCN Power Cord Replacement
103,517,1,Oster 16-Speed Blender Circuit Board Replacement,Ninja Professional Blender BL660 Circuit Board Replacement
450,361,0,Samsung POWERbot VR9000 Top Chassis Replacement,Rival CM4015 Power Button Replacement
195,231,1,Ninja NJ600 Power Cord Replacement,Hamilton Beach 51101BA Power Cord Replacement
417,332,0,Ecovacs DEEBOT D35 Battery Replacement,Keurig B60 Puncture Needle Replacement
313,399,1,AmazonBasics B00Q3KFX8U Motor Replacement,Hand-Held Blender Motor Replacement
195,305,1,Ninja NJ600 Power Cord Replacement,Hamilton Beach 64650 Power Cord Replacement
328,434,0,FoodSaver V4980 Bottom Panel Replacement,Rydis H68 Pro Motherboard Replacement
151,493,0,Philips Kettle HD4685 Capacitors Replacement,Ninja Ultima BL810 Blade Replacement
408,470,1,Hamilton Beach 70740 Power Cord Replacement,Ninja Mega Kitchen System BL770 Power Cord Replacement
585,323,0,Shark Professional Steam Pocket Mop Control Panel Replacement,FoodSaver V4980 Drip Tray Drawer Replacement
188,546,1,Mr. Coffee BVMC-SJX33GT Power Cord Replacement,Eureka EasyClean 71C Power Cord Replacement
376,201,0,Oster 3905 Lever Spring Replacement,Capresso Perfectea 260 Control System Replacement
156,165,0,iRobot Roomba 655 Pet Series Side Brush and Back Panel Removal,XQ-673H Power Switch Replacement
278,603,1,ArmorAll AA255 Power Cord Replacement,Wolf Gourmet WGBL100S Power Cord Replacement
64,102,1,Rival Mini Chopper MC-67BL Power Cord Replacement,Oster 16-Speed Blender Power Cord Replacement
275,586,0,iDevices iGrill Speaker Replacement,Shark Professional Steam Pocket Mop  Open Mop Body Replacement
195,250,1,Ninja NJ600 Power Cord Replacement,De'Longhi EC155 Power Cord Replacement
135,232,0,Krups 963 Gasket Replacement,ARC-914SBD Push Buttons Replacement
87,408,1,Professional Series PS77401 Power Cord Replacement,Hamilton Beach 70740 Power Cord Replacement
90,151,0,Mr. Coffee DW13 Heating Plate Replacement,Philips Kettle HD4685 Capacitors Replacement
484,516,1,Nutri Ninja Ninja Blender Duo BL641 Fan Replacement,Ninja Professional Blender BL660 Fan Replacement
87,546,1,Professional Series PS77401 Power Cord Replacement,Eureka EasyClean 71C Power Cord Replacement
480,444,0,Shark NV352 Roller Brush Replacement,iRobot Roomba 870 Side Brush Motor Replacement
305,546,1,Hamilton Beach 64650 Power Cord Replacement,Eureka EasyClean 71C Power Cord Replacement
507,448,0,Shark Navigator Lift-Away Deluxe NV360 Roller Brush Replacement,Waring 51BL29 Power Cord Replacement
546,603,1,Eureka EasyClean 71C Power Cord Replacement,Wolf Gourmet WGBL100S Power Cord Replacement
302,545,1,Hamilton Beach 64650 Motor Replacement,Eureka EasyClean 71C Motor Replacement
123,188,1,Black and Decker 3-Cup Rice Cooker Power Cord Replacement,Mr. Coffee BVMC-SJX33GT Power Cord Replacement
489,606,0,Ninja Mega Kitchen System BL770 Circuit Base Replacement,Wolf Gourmet WGTR102S Slide Assist Plunger Replacement
287,545,1,KitchenAid KHM512ER Motor Replacement,Eureka EasyClean 71C Motor Replacement
43,74,1,Repairing Black and Decker BL3000S Power Cord,Mr. Coffee TF6 Power Cord Replacement
553,136,0,Shark Rocket Powerhead AH401 Motherboard Replacement,Krups 963  Bottom Panel Removal
102,154,1,Oster 16-Speed Blender Power Cord Replacement,Magic Bullet NutriBullet Power Cord Replacement
102,603,1,Oster 16-Speed Blender Power Cord Replacement,Wolf Gourmet WGBL100S Power Cord Replacement
473,46,0,Shark Rocket HV381 LED Replacement,Black and Decker BL3000S Circuit Board
68,327,0,General Electric Bagel Switch 4-Slice Power Supply Replacement,Cuisinart Griddler GR-4N Handle Replacement
567,192,0,KitchenAid KSM150PSER Power Cord Replacement,Capresso Perfectea 260 Handle Replacement
226,546,1,ARC-914SBD Power Cord Replacement,Eureka EasyClean 71C Power Cord Replacement
239,492,1,Magic Bullet MB1001B Power Cord Replacement,Ninja Coffee Bar CF086 Power Cord Replacement
399,576,1,Hand-Held Blender Motor Replacement,Insignia NS-VCS14SL7 Motor Replacement
164,512,1,XQ-673H Power Cord Replacement,Ninja Professional Blender BL660 Power Cord Replacement
63,243,1,Rival Mini Chopper MC-67BL Motor Replacement,Hamilton Beach 51101BA Motor Replacement
408,546,1,Hamilton Beach 70740 Power Cord Replacement,Eureka EasyClean 71C Power Cord Replacement
556,464,0,Shark Navigator Freestyle SV1106 Roller Belt Replacement,Shark Pet Perfect II Front Belt Replacement
63,545,1,Rival Mini Chopper MC-67BL Motor Replacement,Eureka EasyClean 71C Motor Replacement
340,450,0,Solis 537 Blender  Repair,Samsung POWERbot VR9000 Top Chassis Replacement
130,142,0,KitchenAid Classic Mixer K45SSWH Gasket Replacement,Krups F203 Coffee Grinder Plug/Cord Replacement
355,603,1,Cuisinart DFP-14BCN Power Cord Replacement,Wolf Gourmet WGBL100S Power Cord Replacement
437,49,0,Rydis H68 Pro Bumper Replacement,Dyson DC14 Motor Replacement
277,234,0,ArmorAll AA255 Switch Replacement,ARC-914SBD Push Button Interface Replacement
87,231,1,Professional Series PS77401 Power Cord Replacement,Hamilton Beach 51101BA Power Cord Replacement
320,120,0,Hamilton Beach 49980A Motherboard Replacement,Waring Pro SB30 Indicator Lights Replacement
457,200,0,iRobot Roomba 880 Bumper Sensors Replacement,Cuisinart DLC-10S Pro Classic 7-Cup Food Processor Power Cord Replacement
339,592,0,Holmes Blizzard Fan Oscillation Gear Replacement,Neato Botvac D8000 Battery Replacement
264,67,0,Ozeri Pronto ZK14-S Button Replacement,Eureka 1660SP Roller Replacement
324,583,0,DeLonghi ESAM  xxxx Solenoid Replacement,Insignia NS-VCS14SL7 Stick Vacuum Power Button  Replacement
462,363,0,Caribou Coffee CC-EKV8SS7 Safety Shutoff Mechanism Replacement,Keurig K70 Top  Needle Replacement
231,470,1,Hamilton Beach 51101BA Power Cord Replacement,Ninja Mega Kitchen System BL770 Power Cord Replacement
175,394,1,Nostalgia Electrics PCM805 Motor Replacement,Hitachi HB-B102 Automatic Home Bakery  II Motor Replacement
329,603,1,Keurig B60 Power Cord Replacement,Wolf Gourmet WGBL100S Power Cord Replacement
306,159,0,FAKIR 1800 ECO,iRobot Roomba 655 Pet Series Brush Motor Replacement
433,523,1,Black and Decker TR1278B Circuit Board Replacement,Vornado Duo Circuit Board Replacement
238,173,0,Magic Bullet MB1001B Activator Replacement,Hamilton Beach 25460Z Bottom Heating Element Solders Replacement
43,187,0,Repairing Black and Decker BL3000S Power Cord,Mr. Coffee BVMC-SJX33GT O-Rings Replacement
409,95,0,Hamilton Beach 70740 Internal switch Replacement,iRobot Roomba 551 Brushes Replacement
510,534,1,Shark Navigator Lift-Away Deluxe NV360 Motherboard Replacement,iRobot Roomba 980 Motherboard Replacement
195,546,1,Ninja NJ600 Power Cord Replacement,Eureka EasyClean 71C Power Cord Replacement
21,287,1,Nostalgia Electrics RHP-310 Motor Replacement,KitchenAid KHM512ER Motor Replacement
358,391,0,Keurig K70 Limit Switch Replacement,Hitachi HB-B102 Automatic Home Bakery  II Belt Replacement
382,77,0,Dyson V6 Motorhead Upper Housing and Brush Bar Housing Replacement,Disassembling iRobot Roomba 551 Bumper
21,63,1,Nostalgia Electrics RHP-310 Motor Replacement,Rival Mini Chopper MC-67BL Motor Replacement
102,231,1,Oster 16-Speed Blender Power Cord Replacement,Hamilton Beach 51101BA Power Cord Replacement
226,237,1,ARC-914SBD Power Cord Replacement,Chef's Choice M115 Power Cord Replacement
523,250,0,Vornado Duo Circuit Board Replacement,De'Longhi EC155 Power Cord Replacement
305,144,0,Hamilton Beach 64650 Power Cord Replacement,Braun Aromaster KF440 one-way valve Replacement
102,305,1,Oster 16-Speed Blender Power Cord Replacement,Hamilton Beach 64650 Power Cord Replacement
74,231,1,Mr. Coffee TF6 Power Cord Replacement,Hamilton Beach 51101BA Power Cord Replacement
318,512,1,Hamilton Beach 49980A Power Cord Replacement,Ninja Professional Blender BL660 Power Cord Replacement
589,346,0,Shark Professional Steam Pocket Mop Heating Element Replacement,Jura Wassertankdichtung - Water Tank Sealing Replacement
313,394,1,AmazonBasics B00Q3KFX8U Motor Replacement,Hitachi HB-B102 Automatic Home Bakery  II Motor Replacement
433,517,1,Black and Decker TR1278B Circuit Board Replacement,Ninja Professional Blender BL660 Circuit Board Replacement
547,328,0,Ninja Professional BL610 LED Replacement,FoodSaver V4980 Bottom Panel Replacement
302,399,1,Hamilton Beach 64650 Motor Replacement,Hand-Held Blender Motor Replacement
305,408,1,Hamilton Beach 64650 Power Cord Replacement,Hamilton Beach 70740 Power Cord Replacement
409,405,0,Hamilton Beach 70740 Internal switch Replacement,Neato XV Signature Motor Assembly Replacement
194,523,1,Ninja NJ600 Circuit Board Replacement,Vornado Duo Circuit Board Replacement
439,141,0,SodaStream Source Internal Rubber Seal Replacement,Honeywell HY-204 Febreze Dial Replacement
112,348,0,Waring Pro SB30 Plastic Sides Replacement,Oster 3905 Outer Shell Replacement
292,320,0,Hamilton Beach 48464 Base Replacement,Hamilton Beach 49980A Motherboard Replacement
173,436,0,Hamilton Beach 25460Z Bottom Heating Element Solders Replacement,RYDIS H68 Pro Wheel  Replacement
102,470,1,Oster 16-Speed Blender Power Cord Replacement,Ninja Mega Kitchen System BL770 Power Cord Replacement
517,599,1,Ninja Professional Blender BL660 Circuit Board Replacement,Keurig 2.0-400 Circuit Board Replacement
231,603,1,Hamilton Beach 51101BA Power Cord Replacement,Wolf Gourmet WGBL100S Power Cord Replacement
372,489,0,Sunbeam SM8900 Stick blender Motor Brush Replacement,Ninja Mega Kitchen System BL770 Circuit Base Replacement
439,547,0,SodaStream Source Internal Rubber Seal Replacement,Ninja Professional BL610 LED Replacement
43,200,1,Repairing Black and Decker BL3000S Power Cord,Cuisinart DLC-10S Pro Classic 7-Cup Food Processor Power Cord Replacement
227,518,1,ARC-914SBD LED Lights Replacement,Ninja Professional Blender BL660 LED Lights  Replacement
43,318,1,Repairing Black and Decker BL3000S Power Cord,Hamilton Beach 49980A Power Cord Replacement
74,590,1,Mr. Coffee TF6 Power Cord Replacement,Cuisinart CHW-12 Power Cord Replacement
35,216,0,Breville BKC600XL Spring Replacement,Hamilton Beach 51101BA Power Button Replacement
43,305,1,Repairing Black and Decker BL3000S Power Cord,Hamilton Beach 64650 Power Cord Replacement
151,455,0,Philips Kettle HD4685 Capacitors Replacement,Samsung POWERbot VR9000 Right Driving Wheel Replacement
429,157,0,iRobot Braava 320 Deck Plate Assembly  Replacement,iRobot Roomba 655 Pet Series front caster wheel replacement or maintenance
467,546,1,Caribou Coffee CC-EKV8SS7 Power Cord Replacement,Eureka EasyClean 71C Power Cord Replacement
145,294,0,Braun Aromaster KF440 Internal Tubing Replacement Guide,Keurig K40 Open/Close Sensor Replacement
255,526,0,Hamilton Beach 70740 Motor Replacement,iRobot Roomba 630 Left and Right Wheels Replacement
392,469,0,Hitachi HB-B102 Automatic Home Bakery  II Outer Casing Replacement,BCG600SIL Dose Control Pro Coffee Grinder - Jamming due to Worn Impeller
